Designator,Mid X,Mid Y,Layer,Rotation
C1,102.3mm,-100mm,Bottom,0
C2,81.1mm,-94.6mm,Bottom,90
C3,81mm,-89.3437mm,Bottom,90
C4,82.1376mm,-84.0987mm,Bottom,90
C5,53.5mm,-85mm,Bottom,0
C6,75.1mm,-84.8mm,Bottom,270
C7,87.0814mm,-80.2442mm,Bottom,90
C8,68.2202mm,-89.5mm,Bottom,90
C9,46.7594mm,-122.7875mm,Bottom,90
C10,92.1mm,-110.6625mm,Bottom,90
C11,83.5669mm,-112.5064mm,Bottom,0
C12,52.3798mm,-119.7692mm,Bottom,90
C13,85.5066mm,-127.5857mm,Bottom,180
C14,85.5032mm,-125.5532mm,Bottom,180
C15,85.4959mm,-123.5299mm,Bottom,180
C16,85.5mm,-121.5mm,Bottom,180
C17,85.4919mm,-135.6766mm,Bottom,180
C18,85.522mm,-131.6062mm,Bottom,180
C19,85.5087mm,-129.6042mm,Bottom,180
C20,85.5172mm,-119.4902mm,Bottom,180
C21,74.8mm,-81.2mm,Bottom,90
C22,85.4749mm,-133.6173mm,Bottom,180
C23,74.5mm,-89.1375mm,Bottom,270
C24,50.0317mm,-133.0669mm,Bottom,90
C25,85.3685mm,-88.7mm,Bottom,0
C26,82.8818mm,-88.7179mm,Bottom,270
C27,52mm,-114.5mm,Bottom,90
C28,56.9625mm,-87.2mm,Bottom,180
C29,66.1188mm,-90.7863mm,Bottom,90
C30,60.4mm,-120.5mm,Bottom,180
C31,54.5mm,-114.5mm,Bottom,180
C32,53.5mm,-89.01mm,Bottom,0
C33,53.5mm,-87mm,Bottom,0
C36,62.5mm,-86.7mm,Bottom,0
C37,62.3mm,-88.2mm,Bottom,0
CR1,92.9mm,-100.2mm,Bottom,180
CR2,89mm,-59mm,Bottom,90
CR3,90mm,-55.9mm,Bottom,180
D2,102.8mm,-118.3442mm,Bottom,270
D3,93.446mm,-58.8mm,Bottom,180
D4,82.0669mm,-116.0064mm,Bottom,90
D5,84.6mm,-116mm,Bottom,90
D6,79.7669mm,-121.8064mm,Bottom,0
D8,94.5342mm,-55.3257mm,Bottom,180
F1,94.407mm,-94.2719mm,Bottom,90
J2,73.4875mm,-125.75mm,Bottom,180
J3,54.2375mm,-126mm,Bottom,180
J4,92.5mm,-126mm,Bottom,180
J7,63.05mm,-84.6mm,Bottom,0
L1,88.5mm,-112.3mm,Bottom,90
L2,49.4795mm,-119.1273mm,Bottom,180
Q1,86.6mm,-72mm,Bottom,0
Q2,92.7643mm,-88.809mm,Bottom,270
Q3,95.0233mm,-79.796mm,Bottom,270
Q4,88.5669mm,-117.0064mm,Bottom,180
Q5,49.8627mm,-129.6028mm,Bottom,0
Q6,47.0228mm,-126.585mm,Bottom,180
Q7,81.5268mm,-77.1996mm,Bottom,270
Q8,90.5425mm,-80.3726mm,Bottom,0
Q9,92.4643mm,-84.0715mm,Bottom,90
R1,102.3mm,-98.5mm,Bottom,0
R2,102.2324mm,-95.5337mm,Bottom,0
R3,102.2689mm,-97.0315mm,Bottom,0
R4,50.5mm,-114.5183mm,Bottom,270
R5,74.5mm,-114.5mm,Bottom,180
R6,89.2353mm,-97.0754mm,Bottom,0
R7,53.5mm,-91.01mm,Bottom,0
R8,78.0113mm,-74.7592mm,Bottom,0
R9,78.0268mm,-73.2496mm,Bottom,0
R10,69.7429mm,-89.4169mm,Bottom,90
R11,101.4303mm,-78.9912mm,Bottom,180
R12,71.2429mm,-89.4169mm,Bottom,270
R13,73mm,-112mm,Bottom,180
R14,89.0669mm,-122.5064mm,Bottom,180
R15,89.0669mm,-120.5064mm,Bottom,180
R16,85.3594mm,-80.2mm,Bottom,90
R17,80.5mm,-86.7mm,Bottom,180
R18,48.3367mm,-140.6565mm,Bottom,90
R19,46.8721mm,-140.6736mm,Bottom,90
R20,45.3mm,-140.6736mm,Bottom,90
R21,64.6mm,-90.7875mm,Bottom,90
R22,63.1mm,-90.7875mm,Bottom,90
R23,61.6mm,-90.7875mm,Bottom,90
R24,60.1mm,-90.7875mm,Bottom,90
R25,58.6147mm,-90.7875mm,Bottom,90
R26,57.1mm,-90.7875mm,Bottom,90
R27,91.5mm,-76.6mm,Bottom,90
R28,53.6mm,-83.5mm,Bottom,180
R29,73.0875mm,-101.5mm,Bottom,180
R30,73.0875mm,-103mm,Bottom,180
R31,73.0542mm,-104.4968mm,Bottom,180
R32,73.0875mm,-106mm,Bottom,180
R33,73.0875mm,-107.5mm,Bottom,180
R34,73.0875mm,-109mm,Bottom,180
R35,46.5189mm,-80.4822mm,Bottom,180
R36,46.4939mm,-78.9805mm,Bottom,180
R37,49.4384mm,-124.1159mm,Bottom,180
R38,84.9875mm,-84.1mm,Bottom,0
R39,55.5mm,-118.0875mm,Bottom,90
R40,81.5268mm,-73.4996mm,Bottom,0
R41,54mm,-118.0875mm,Bottom,270
R42,91.5145mm,-120.9255mm,Bottom,270
R44,91.5145mm,-117.1618mm,Bottom,270
R46,98.5mm,-126.0875mm,Bottom,90
R47,62.8mm,-116.5mm,Bottom,0
R48,65.5mm,-114.9mm,Bottom,180
R49,47mm,-132.4698mm,Bottom,0
R50,51.5231mm,-131.9706mm,Bottom,270
R51,84.8037mm,-82.6457mm,Bottom,180
R52,97.0015mm,-126.0875mm,Bottom,90
R53,77.9983mm,-79.3302mm,Bottom,0
R54,78.0113mm,-77.7916mm,Bottom,0
R55,78.0113mm,-76.2676mm,Bottom,0
R56,90.8mm,-73mm,Bottom,135
R57,95.0711mm,-76.3072mm,Bottom,0
R59,103mm,-114.1875mm,Bottom,90
R60,50.7203mm,-139.7351mm,Bottom,180
R61,101.4125mm,-80.5mm,Bottom,180
R62,101.2mm,-66.4mm,Bottom,180
R63,87.7mm,-107.7mm,Bottom,180
R64,72mm,-114.5mm,Bottom,90
R65,72.9931mm,-96.4938mm,Bottom,0
R67,78.4125mm,-90.5mm,Bottom,180
R68,73mm,-95mm,Bottom,180
R69,73mm,-110.5mm,Bottom,0
R70,76mm,-89.1375mm,Bottom,270
R71,78.4125mm,-88.5mm,Bottom,180
R73,49.8726mm,-78.9555mm,Bottom,180
R75,49.9884mm,-137.0044mm,Bottom,270
R76,75.3875mm,-69.4mm,Bottom,180
R77,77.9983mm,-80.8561mm,Bottom,180
R78,81.6268mm,-81.0996mm,Bottom,180
R79,88.7143mm,-86.709mm,Bottom,270
R80,90.2143mm,-86.709mm,Bottom,270
R81,94.9mm,-84.4mm,Bottom,270
R82,88.4mm,-93.9mm,Bottom,90
U1,54mm,-79.8mm,Bottom,90
U2,85.0991mm,-86.2153mm,Bottom,270
U3,78.65mm,-84.15mm,Bottom,180
U4,57.5mm,-102.5mm,Bottom,270
U5,86.9mm,-76.6mm,Bottom,0
U6,98mm,-99.4mm,Bottom,0
U7,100.15mm,-129.7389mm,Bottom,0
U8,90.1mm,-52.5mm,Bottom,270
U9,79.6337mm,-70.4826mm,Bottom,0
U10,49.5mm,-122mm,Bottom,180
U11,84.7mm,-94.2mm,Bottom,90
U12,47.45mm,-136.0601mm,Bottom,90
U13,61.905mm,-125.025mm,Bottom,90
