Ref,Schematic value,Ordered MPN,Manufacturer,Ordered LCSC,Upload LCSC,Population,PCB DNP flag,Passive value check,Review,Order description
C1,1n,CL10B102KB8NNNC,Samsung Electro-Mechanics,C1588,C1588,FIT,False,match,Nominal value/package and connected role reviewed; see block-coverage.csv and root DESIGN_REVIEW.md for operating limits.,1nF 50V X7R ±10% 0603 Multilayer Ceramic Capacitors MLCC - SMD/SMT ROHS
C2,10u,CL10A106KP8NNNC,Samsung Electro-Mechanics,C19702,C19702,FIT,False,match,Nominal value/package and connected role reviewed; see block-coverage.csv and root DESIGN_REVIEW.md for operating limits.,10V 10uF X5R ±10% 0603 Multilayer Ceramic Capacitors MLCC - SMD/SMT ROHS
C3,10u,CL10A106KP8NNNC,Samsung Electro-Mechanics,C19702,C19702,FIT,False,match,Nominal value/package and connected role reviewed; see block-coverage.csv and root DESIGN_REVIEW.md for operating limits.,10V 10uF X5R ±10% 0603 Multilayer Ceramic Capacitors MLCC - SMD/SMT ROHS
C4,22u,TCC0805X5R226M250FT,CCTC,C20416420,C20416420,FIT,False,match,22uF/25V X5R CCTC matches nominal value/package. Effective capacitance at bias and temperature not established from catalog.,22uF 25V X5R ±20% 0805 Multilayer Ceramic Capacitors MLCC - SMD/SMT ROHS
C5,1u,CL10A105KB8NNNC,Samsung Electro-Mechanics,C15849,C15849,FIT,False,match,Nominal value/package and connected role reviewed; see block-coverage.csv and root DESIGN_REVIEW.md for operating limits.,1uF 50V X5R ±10% 0603 Multilayer Ceramic Capacitors MLCC - SMD/SMT ROHS
C6,22u,TCC0805X5R226M250FT,CCTC,C20416420,C20416420,FIT,False,match,22uF/25V X5R CCTC matches nominal value/package. Effective capacitance at bias and temperature not established from catalog.,22uF 25V X5R ±20% 0805 Multilayer Ceramic Capacitors MLCC - SMD/SMT ROHS
C7,0.1u,CC0603KRX7R9BB104,YAGEO,C14663,C14663,FIT,False,match,Nominal value/package and connected role reviewed; see block-coverage.csv and root DESIGN_REVIEW.md for operating limits.,100nF 50V X7R ±10% 0603 Multilayer Ceramic Capacitors MLCC - SMD/SMT ROHS
C8,1u,CL10A105KB8NNNC,Samsung Electro-Mechanics,C15849,C15849,FIT,False,match,Nominal value/package and connected role reviewed; see block-coverage.csv and root DESIGN_REVIEW.md for operating limits.,1uF 50V X5R ±10% 0603 Multilayer Ceramic Capacitors MLCC - SMD/SMT ROHS
C9,1u/50V,CL21B105KBFNNNE,Samsung Electro-Mechanics,C28323,C28323,FIT,False,match,1uF/50V X7R retained. C9 needs sufficient effective output capacitance for LED converter.,1uF 50V X7R ±10% 0805 Multilayer Ceramic Capacitors MLCC - SMD/SMT ROHS
C10,4.7u,CL10A475KO8NNNC,Samsung Electro-Mechanics,C19666,C19666,FIT,False,match,Nominal value/package and connected role reviewed; see block-coverage.csv and root DESIGN_REVIEW.md for operating limits.,16V 4.7uF X5R ±10% 0603 Multilayer Ceramic Capacitors MLCC - SMD/SMT ROHS
C11,4.7u/50V,CL21A475KBQNNNE,Samsung Electro-Mechanics,C98192,C98192,FIT,False,match,4.7uF/50V X5R retained for e-paper high-voltage nodes; verify effective capacitance under DC bias.,4.7uF 50V X5R ±10% 0805 Multilayer Ceramic Capacitors MLCC - SMD/SMT ROHS
C12,4.7u,CL10A475KO8NNNC,Samsung Electro-Mechanics,C19666,C19666,FIT,False,match,Nominal value/package and connected role reviewed; see block-coverage.csv and root DESIGN_REVIEW.md for operating limits.,16V 4.7uF X5R ±10% 0603 Multilayer Ceramic Capacitors MLCC - SMD/SMT ROHS
C13,4.7u/50V,CL21A475KBQNNNE,Samsung Electro-Mechanics,C98192,C98192,FIT,False,match,4.7uF/50V X5R retained for e-paper high-voltage nodes; verify effective capacitance under DC bias.,4.7uF 50V X5R ±10% 0805 Multilayer Ceramic Capacitors MLCC - SMD/SMT ROHS
C14,4.7u/50V,CL21A475KBQNNNE,Samsung Electro-Mechanics,C98192,C98192,FIT,False,match,4.7uF/50V X5R retained for e-paper high-voltage nodes; verify effective capacitance under DC bias.,4.7uF 50V X5R ±10% 0805 Multilayer Ceramic Capacitors MLCC - SMD/SMT ROHS
C15,4.7u/50V,CL21A475KBQNNNE,Samsung Electro-Mechanics,C98192,C98192,FIT,False,match,4.7uF/50V X5R retained for e-paper high-voltage nodes; verify effective capacitance under DC bias.,4.7uF 50V X5R ±10% 0805 Multilayer Ceramic Capacitors MLCC - SMD/SMT ROHS
C16,4.7u/50V,CL21A475KBQNNNE,Samsung Electro-Mechanics,C98192,C98192,FIT,False,match,4.7uF/50V X5R retained for e-paper high-voltage nodes; verify effective capacitance under DC bias.,4.7uF 50V X5R ±10% 0805 Multilayer Ceramic Capacitors MLCC - SMD/SMT ROHS
C17,4.7u/50V,CL21A475KBQNNNE,Samsung Electro-Mechanics,C98192,C98192,FIT,False,match,4.7uF/50V X5R retained for e-paper high-voltage nodes; verify effective capacitance under DC bias.,4.7uF 50V X5R ±10% 0805 Multilayer Ceramic Capacitors MLCC - SMD/SMT ROHS
C18,1u,CL21B105KBFNNNE,Samsung Electro-Mechanics,C28323,C28323,FIT,False,match,1uF/50V X7R retained. C9 needs sufficient effective output capacitance for LED converter.,1uF 50V X7R ±10% 0805 Multilayer Ceramic Capacitors MLCC - SMD/SMT ROHS
C19,1u,CL21B105KBFNNNE,Samsung Electro-Mechanics,C28323,C28323,FIT,False,match,1uF/50V X7R retained. C9 needs sufficient effective output capacitance for LED converter.,1uF 50V X7R ±10% 0805 Multilayer Ceramic Capacitors MLCC - SMD/SMT ROHS
C20,1u/50V,CL21B105KBFNNNE,Samsung Electro-Mechanics,C28323,C28323,FIT,False,match,1uF/50V X7R retained. C9 needs sufficient effective output capacitance for LED converter.,1uF 50V X7R ±10% 0805 Multilayer Ceramic Capacitors MLCC - SMD/SMT ROHS
C21,1u,CL10A105KB8NNNC,Samsung Electro-Mechanics,C15849,C15849,FIT,False,match,Nominal value/package and connected role reviewed; see block-coverage.csv and root DESIGN_REVIEW.md for operating limits.,1uF 50V X5R ±10% 0603 Multilayer Ceramic Capacitors MLCC - SMD/SMT ROHS
C22,1u,CL10A105KB8NNNC,Samsung Electro-Mechanics,C15849,C15849,FIT,False,match,"1uF connected to 3V3, but 51.84mm from U4 supply pad near panel; not MCU-local or RTC decoupling. RTC bypass is C30.",1uF 50V X5R ±10% 0603 Multilayer Ceramic Capacitors MLCC - SMD/SMT ROHS
C23,2.2n,0603B222K500NT,FH (Guangdong Fenghua Advanced Tech),C1604,C1604,FIT,False,match,Nominal value/package and connected role reviewed; see block-coverage.csv and root DESIGN_REVIEW.md for operating limits.,2.2nF 50V X7R ±10% 0603 Multilayer Ceramic Capacitors MLCC - SMD/SMT ROHS
C24,100n,CC0603KRX7R9BB104,YAGEO,C14663,C14663,FIT,False,match,Nominal value/package and connected role reviewed; see block-coverage.csv and root DESIGN_REVIEW.md for operating limits.,100nF 50V X7R ±10% 0603 Multilayer Ceramic Capacitors MLCC - SMD/SMT ROHS
C25,1u,CL10A105KB8NNNC,Samsung Electro-Mechanics,C15849,C15849,FIT,False,match,Nominal value/package and connected role reviewed; see block-coverage.csv and root DESIGN_REVIEW.md for operating limits.,1uF 50V X5R ±10% 0603 Multilayer Ceramic Capacitors MLCC - SMD/SMT ROHS
C26,1u,CL10A105KB8NNNC,Samsung Electro-Mechanics,C15849,C15849,FIT,False,match,Nominal value/package and connected role reviewed; see block-coverage.csv and root DESIGN_REVIEW.md for operating limits.,1uF 50V X5R ±10% 0603 Multilayer Ceramic Capacitors MLCC - SMD/SMT ROHS
C27,2.2n,0603B222K500NT,FH (Guangdong Fenghua Advanced Tech),C1604,C1604,FIT,False,match,Nominal value/package and connected role reviewed; see block-coverage.csv and root DESIGN_REVIEW.md for operating limits.,2.2nF 50V X7R ±10% 0603 Multilayer Ceramic Capacitors MLCC - SMD/SMT ROHS
C28,2.2n,0603B222K500NT,FH (Guangdong Fenghua Advanced Tech),C1604,C1604,FIT,False,match,Nominal value/package and connected role reviewed; see block-coverage.csv and root DESIGN_REVIEW.md for operating limits.,2.2nF 50V X7R ±10% 0603 Multilayer Ceramic Capacitors MLCC - SMD/SMT ROHS
C29,2.2n,0603B222K500NT,FH (Guangdong Fenghua Advanced Tech),C1604,C1604,FIT,False,match,Nominal value/package and connected role reviewed; see block-coverage.csv and root DESIGN_REVIEW.md for operating limits.,2.2nF 50V X7R ±10% 0603 Multilayer Ceramic Capacitors MLCC - SMD/SMT ROHS
C30,0.1u,CC0603KRX7R9BB104,YAGEO,C14663,C14663,FIT,False,match,Nominal value/package and connected role reviewed; see block-coverage.csv and root DESIGN_REVIEW.md for operating limits.,100nF 50V X7R ±10% 0603 Multilayer Ceramic Capacitors MLCC - SMD/SMT ROHS
C31,100n,CC0603KRX7R9BB104,YAGEO,C14663,C14663,FIT,False,match,Nominal value/package and connected role reviewed; see block-coverage.csv and root DESIGN_REVIEW.md for operating limits.,100nF 50V X7R ±10% 0603 Multilayer Ceramic Capacitors MLCC - SMD/SMT ROHS
C32,22u,TCC0805X5R226M250FT,CCTC,C20416420,C20416420,FIT,False,match,22uF/25V X5R CCTC matches nominal value/package. Effective capacitance at bias and temperature not established from catalog.,22uF 25V X5R ±20% 0805 Multilayer Ceramic Capacitors MLCC - SMD/SMT ROHS
C33,0.1u,CC0603KRX7R9BB104,YAGEO,C14663,C14663,FIT,False,match,Nominal value/package and connected role reviewed; see block-coverage.csv and root DESIGN_REVIEW.md for operating limits.,100nF 50V X7R ±10% 0603 Multilayer Ceramic Capacitors MLCC - SMD/SMT ROHS
C36,0.1u,CC0603KRX7R9BB104,YAGEO,C14663,C14663,FIT,False,match,Nominal value/package and connected role reviewed; see block-coverage.csv and root DESIGN_REVIEW.md for operating limits.,100nF 50V X7R ±10% 0603 Multilayer Ceramic Capacitors MLCC - SMD/SMT ROHS
C37,1u,CL10A105KB8NNNC,Samsung Electro-Mechanics,C15849,C15849,FIT,False,match,Nominal value/package and connected role reviewed; see block-coverage.csv and root DESIGN_REVIEW.md for operating limits.,1uF 50V X5R ±10% 0603 Multilayer Ceramic Capacitors MLCC - SMD/SMT ROHS
CR1,TSD05CDYFR,SD05C,TECH PUBLIC,C907858,C907858,FIT,False,not applicable,SD05C rated 5.0V stand-off on USB VBUS; use 5.5V-rated alternative or confirm leakage over allowed source maximum.,1 100nA 20A@8/20us 300W@8/20us 35pF 5V 7V 7V、9V Bidirectional IEC 61000-4-2、IEC 61000-4-4 SOD-323 ESD and Surge Protection (TVS/ESD) ROHS
CR2,TSD05CDYFR,SD05C,TECH PUBLIC,C907858,C907858,FIT,False,not applicable,5V TVS on 3.3V rail: no normal-DC stress; surge clamp is not a precision 3.3V overvoltage limit.,1 100nA 20A@8/20us 300W@8/20us 35pF 5V 7V 7V、9V Bidirectional IEC 61000-4-2、IEC 61000-4-4 SOD-323 ESD and Surge Protection (TVS/ESD) ROHS
CR3,TSD05CDYFR,SD05C,TECH PUBLIC,C907858,C907858,FIT,False,not applicable,5V TVS on <=4.2V battery rail: no normal-DC stress; surge clamp not a battery overcharge controller.,1 100nA 20A@8/20us 300W@8/20us 35pF 5V 7V 7V、9V Bidirectional IEC 61000-4-2、IEC 61000-4-4 SOD-323 ESD and Surge Protection (TVS/ESD) ROHS
D2,LED,P2-1206RTCS2-0.9T-F,TUOZHAN,C2827254,C2827254,FIT,False,not applicable,HOLD if unchanged: saved order is reverse mount. User requested C28310439; factory approval/current BOM not available locally.,-40℃~+85℃ 1.8V~2.4V 120° 20mA 250mcd 60mW 618nm~625nm 630nm Discrete Diode Red Reverse Mount Water Clear 1206 LED Indication - Discrete ROHS
D3,SMAJ26A,SMAJ26A,"Jiangsu Changjing Electronics Technology Co., Ltd.",C1509531,C1509531,FIT,False,not applicable,"Actual unidirectional SMAJ26A, pad1 cathode on LED output. 42.1V surge clamp does not guarantee IC protection.",-55℃~+150℃ 26V 31.9V 400W@10/1000us 42.1V 5uA 9.5A@10/1000us TVS Unidirectional SMAG ESD and Surge Protection (TVS/ESD) ROHS
D4,B5819W,B5819W,MDD(Microdiode Semiconductor),C64885,C64885,FIT,False,not applicable,40V B5819W charge-pump diode polarity/topology checked; qualify reverse overshoot and hot leakage during panel startup/refresh.,-55℃~+125℃ 1.5A 1mA@40V 25A 40V 600mV@1A Standalone SOD-123 Schottky Diodes ROHS
D5,B5819W,B5819W,MDD(Microdiode Semiconductor),C64885,C64885,FIT,False,not applicable,40V B5819W charge-pump diode polarity/topology checked; qualify reverse overshoot and hot leakage during panel startup/refresh.,-55℃~+125℃ 1.5A 1mA@40V 25A 40V 600mV@1A Standalone SOD-123 Schottky Diodes ROHS
D6,B5819W,B5819W,MDD(Microdiode Semiconductor),C64885,C64885,FIT,False,not applicable,40V B5819W charge-pump diode polarity/topology checked; qualify reverse overshoot and hot leakage during panel startup/refresh.,-55℃~+125℃ 1.5A 1mA@40V 25A 40V 600mV@1A Standalone SOD-123 Schottky Diodes ROHS
D8,PESD2IVN-UX,PESD2IVN-UX,TECH PUBLIC,C42370512,C42370512,FIT,False,not applicable,"Exact TECH PUBLIC 24V bidirectional drawing verified: signal1/2 common3, compatible. Not a precision 3.3V clamp or system ESD certification.",-55℃~+125℃ 10pF 150W@8/20us 200nA 24V 28V 30V 4A@8/20us SOT-323 ESD and Surge Protection (TVS/ESD) ROHS
F1,0805L100WR,0805L100WR,Littelfuse,C80270,C80270,FIT,False,not applicable,1A hold at 20C derates to about 0.65A at 60C/0.55A at 70C. Qualify full USB workload/temperature/drop; no USB current negotiation.,-40℃~+85℃ 1.5mm 1.8mm 1.95A 1A 2.2mm 210mΩ 300ms 40A 600mW 60mΩ 6V 0805 Resettable Fuses ROHS
H1,MountingHole_Pad,,,,,MECHANICAL/BARE PAD,False,not applicable,Expected order exclusion,
H2,MountingHole_Pad,,,,,MECHANICAL/BARE PAD,False,not applicable,Expected order exclusion,
H3,MountingHole_Pad,,,,,MECHANICAL/BARE PAD,False,not applicable,Expected order exclusion,
H4,MountingHole_Pad,,,,,MECHANICAL/BARE PAD,False,not applicable,Expected order exclusion,
H5,MountingHole_Pad,,,,,MECHANICAL/BARE PAD,False,not applicable,Expected order exclusion,
J1,USB_C_Receptacle,USB4085-GF-A,Global Connector Technology,C7095263,C7095263,FIT,False,not applicable,"GCT THT USB-C; verify connector soldering included in JLC scope. Tight pad gaps are footprint geometry, not unrouted shorts.",-40℃~+85℃ 1 48V 5A Black Female Right Angle Type-C USB 2.0 插件 USB Connectors ROHS
J2,FH34SRJ-24S-0.5SH_50_,FH34SRJ-24S-0.5SH(50),HRS(Hirose),C324726,C324726,FIT,False,not applicable,24-pin electrical mapping checked; confirm actual FPC thickness/contact orientation and panel variant.,"-55℃~+105℃ 0.3mm 0.5mm 1mm 24P Double-Sided Contacts, Top and Bottom Entry Gold Phosphor bronze Surface Mount, Right Angle SMD,P=0.5mm,卧贴 FFC, FPC (Flat Flexible) Connector Assemblies ROHS"
J3,FH34SRJ-6S-0.5SH_50_,FH34SRJ-6S-0.5SH(50),HRS(Hirose),C224194,C224194,FIT,False,not applicable,"User confirms physical FT01C sample matches schematic: C+,C-,NC,NC,W+,W-. Supplier drawing conflicts; no wiring change recommended for this sample. A unit following drawing would reverse-bias selected LED string; boost can reach OVP and damage LEDs. Retain lot/FPC check.","-55℃~+105℃ 0.3mm 0.5mm 1mm 6P Double-Sided Contacts, Top and Bottom Entry Gold Phosphor bronze Surface Mount, Right Angle SMD,P=0.5mm,卧贴 FFC, FPC (Flat Flexible) Connector Assemblies ROHS"
J4,FH34SRJ-6S-0.5SH_50_,FH34SRJ-6S-0.5SH(50),HRS(Hirose),C224194,C224194,FIT,False,not applicable,"Default links give GND,3V3,RST,INT,SDA,SCL. Mutually exclusive alternative links must stay DNP.","-55℃~+105℃ 0.3mm 0.5mm 1mm 6P Double-Sided Contacts, Top and Bottom Entry Gold Phosphor bronze Surface Mount, Right Angle SMD,P=0.5mm,卧贴 FFC, FPC (Flat Flexible) Connector Assemblies ROHS"
J5,Conn_01x02,A2001WR-2P,CJT(Changjiang Connectors),C48579993,C48579993,FIT,False,not applicable,"CJT 2mm right-angle connector in JST-PH footprint; pin1 B-, pin2 B+. Verify cable polarity and factory THT scope.","-40℃~+105℃ 1 100V 1x2P 2 2A 2P 2mm Brass PA66 PH Right Angle Tin UL94V-0 Push-Pull,P=2mm Wire To Board Connector ROHS"
J6,PPPC062LJBN-RC,A2541HWR-2x6P,CJT(Changjiang Connectors),C5333437,C5333437,FIT,False,not applicable,CJT right-angle 2x6 female header; high voltage LED rail and boot straps exposed; do not treat as generic GPIO header.,"-40℃~+105℃ 12P 2 2.54mm 2.54mm 250V 2x6P 3.2mm 3A 5mm Brass Gold Right Angle Side Square Hole 弯插,P=2.54mm Female Headers ROHS"
J7,Micro_SD_Card,TF PUSH,SHOU HAN,C393941,C393941,FIT,False,not applicable,"TF PUSH: matching data pin order, but peg-hole Y offset 0.22mm at nominal pad alignment. Assembly fit confirmation required.",-25℃~+90℃ 2mm Connector and Ejector MicroSD Card (TF Card) No Push-Push SMD SD Card / Memory Card Connector ROHS
L1,22u,VLS3012HBX-220M,TDK,C350879,C350879,FIT,False,match,22uH TDK in Bourns-named footprint; ratings reasonable; panel waveform/reference 47uH differs and needs qualification.,"1.09A 1.09A 22uH 662mΩ ±20% SMD,3x3mm Power Inductors ROHS"
L2,4.7u,VLS252010HBX-4R7M-1,TDK,C88528,C413592,FIT,False,match,"Order is C88528 HBX-4R7M-1; upload is C413592 HBU-4R7M. Both 4.7uH, but release record must specify the actual part.",1.4A 1.6A 240mΩ 4.7uH ±20% 1008 Power Inductors ROHS
Q1,FS8205A,FS8205A,TECH PUBLIC,C2830320,C2830320,FIT,False,not applicable,TECH PUBLIC 6-pin FS8205A pinout checked against manufacturer drawing; common-drain pins 2/5 internal.,-55℃~+150℃ 1.2V 1.5W 2 N-Channel 20V 31.5mΩ@2.5V 466pF 5.7nC@4.5V 58pF 65pF 6A SOT-23-6 MOSFETs ROHS
Q3,AO3419,AO3419,Alpha & Omega Semicon,C88053,C88053,FIT,False,not applicable,"Source=B+, gate referenced to B-. When USB enhances Q8, Q3 body diode can conduct into reversed cell even with Q3 channel off; reverse-insertion safety is not established.",-55℃~+150℃ 1 P-Channel 1.4W 140mΩ@2.5V 20V 3.5A 4.4nC@10V 400pF 500mV 52pF SOT-23 MOSFETs ROHS
Q4,BSS138,BSS138,hongjiacheng,C7420339,C7420339,FIT,False,not applicable,"HOLD on existing BSS138. Preferred replacement: genuine Infineon IRLML6346TRPBF C67276, SOT-23 G1/S2/D3; 80mohm max at 2.5V and 2.9nC typical gate charge. Split from Q5/Q6; verify panel-driven VGS/VDS/current waveforms. See root DESIGN_REVIEW.md section 7.",-55℃~+150℃ 1 N-channel 1.1Ω@10V、1.2Ω@4.5V 1.2V 1.7nC@10V 17.5pF 340mA 350mW 50V 6.5pF N-Channel SOT-23 MOSFETs ROHS
Q5,BSS138,BSS138,hongjiacheng,C7420339,C7420339,FIT,False,not applicable,Reasonable for 15mA color selection; do not apply Q4 boost-switch judgement to this low-current role.,-55℃~+150℃ 1 N-channel 1.1Ω@10V、1.2Ω@4.5V 1.2V 1.7nC@10V 17.5pF 340mA 350mW 50V 6.5pF N-Channel SOT-23 MOSFETs ROHS
Q6,BSS138,BSS138,hongjiacheng,C7420339,C7420339,FIT,False,not applicable,Reasonable for 15mA color selection. Inversion does not guarantee transient exclusivity; measure branch current during color changes. ADIM PWM low phases do not guarantee zero current.,-55℃~+150℃ 1 N-channel 1.1Ω@10V、1.2Ω@4.5V 1.2V 1.7nC@10V 17.5pF 340mA 350mW 50V 6.5pF N-Channel SOT-23 MOSFETs ROHS
Q7,AO3419,AO3419,Alpha & Omega Semicon,C88053,C88053,FIT,False,not applicable,"PMOS SD gate: source 3V3, drain SD_VDD, external gate pull-up. LOW on; high or high-Z without internal pulls off. Stop bus and avoid signal back-power before switching off.",-55℃~+150℃ 1 P-Channel 1.4W 140mΩ@2.5V 20V 3.5A 4.4nC@10V 400pF 500mV 52pF SOT-23 MOSFETs ROHS
Q8,AO3419,AO3419,Alpha & Omega Semicon,C88053,C88053,FIT,False,not applicable,"Source=P+, gate=GND. Charger can enhance it independently of battery polarity, defeating the assumed reverse blocking with Q3. Redesign/validate or restrict prototype battery handling.",-55℃~+150℃ 1 P-Channel 1.4W 140mΩ@2.5V 20V 3.5A 4.4nC@10V 400pF 500mV 52pF SOT-23 MOSFETs ROHS
R1,1M,0603WAF1004T5E,UNI-ROYAL(Uniroyal Elec),C22935,C22935,FIT,False,match,Nominal value/package and connected role reviewed; see block-coverage.csv and root DESIGN_REVIEW.md for operating limits.,-55℃~+155℃ 100mW 1MΩ 75V Thick Film Resistor ±1% ±100ppm/℃ 0603 Chip Resistor - Surface Mount ROHS
R2,5.1k,0603WAF5101T5E,UNI-ROYAL(Uniroyal Elec),C23186,C23186,FIT,False,match,Nominal value/package and connected role reviewed; see block-coverage.csv and root DESIGN_REVIEW.md for operating limits.,-55℃~+155℃ 100mW 5.1kΩ 75V Thick Film Resistor ±1% ±100ppm/℃ 0603 Chip Resistor - Surface Mount ROHS
R3,5.1k,0603WAF5101T5E,UNI-ROYAL(Uniroyal Elec),C23186,C23186,FIT,False,match,Nominal value/package and connected role reviewed; see block-coverage.csv and root DESIGN_REVIEW.md for operating limits.,-55℃~+155℃ 100mW 5.1kΩ 75V Thick Film Resistor ±1% ±100ppm/℃ 0603 Chip Resistor - Surface Mount ROHS
R4,10k,0603WAF1002T5E,UNI-ROYAL(Uniroyal Elec),C25804,C25804,FIT,False,match,Nominal value/package and connected role reviewed; see block-coverage.csv and root DESIGN_REVIEW.md for operating limits.,-55℃~+155℃ 100mW 10kΩ 75V Thick Film Resistor ±1% ±100ppm/℃ 0603 Chip Resistor - Surface Mount ROHS
R5,10k,0603WAF1002T5E,UNI-ROYAL(Uniroyal Elec),C25804,C25804,FIT,False,match,Nominal value/package and connected role reviewed; see block-coverage.csv and root DESIGN_REVIEW.md for operating limits.,-55℃~+155℃ 100mW 10kΩ 75V Thick Film Resistor ±1% ±100ppm/℃ 0603 Chip Resistor - Surface Mount ROHS
R6,4.7k,0603WAF4701T5E,UNI-ROYAL(Uniroyal Elec),C23162,C23162,FIT,False,match,Nominal value/package and connected role reviewed; see block-coverage.csv and root DESIGN_REVIEW.md for operating limits.,-55℃~+155℃ 100mW 4.7kΩ 75V Thick Film Resistor ±1% ±100ppm/℃ 0603 Chip Resistor - Surface Mount ROHS
R7,10k,0603WAF1002T5E,UNI-ROYAL(Uniroyal Elec),C25804,C25804,FIT,False,match,Nominal value/package and connected role reviewed; see block-coverage.csv and root DESIGN_REVIEW.md for operating limits.,-55℃~+155℃ 100mW 10kΩ 75V Thick Film Resistor ±1% ±100ppm/℃ 0603 Chip Resistor - Surface Mount ROHS
R8,10k,0603WAF1002T5E,UNI-ROYAL(Uniroyal Elec),C25804,C25804,FIT,False,match,Nominal value/package and connected role reviewed; see block-coverage.csv and root DESIGN_REVIEW.md for operating limits.,-55℃~+155℃ 100mW 10kΩ 75V Thick Film Resistor ±1% ±100ppm/℃ 0603 Chip Resistor - Surface Mount ROHS
R9,10k,0603WAF1002T5E,UNI-ROYAL(Uniroyal Elec),C25804,C25804,FIT,False,match,Nominal value/package and connected role reviewed; see block-coverage.csv and root DESIGN_REVIEW.md for operating limits.,-55℃~+155℃ 100mW 10kΩ 75V Thick Film Resistor ±1% ±100ppm/℃ 0603 Chip Resistor - Surface Mount ROHS
R10,1M,0603WAF1004T5E,UNI-ROYAL(Uniroyal Elec),C22935,C22935,FIT,False,match,Nominal value/package and connected role reviewed; see block-coverage.csv and root DESIGN_REVIEW.md for operating limits.,-55℃~+155℃ 100mW 1MΩ 75V Thick Film Resistor ±1% ±100ppm/℃ 0603 Chip Resistor - Surface Mount ROHS
R11,12k,0603WAF1202T5E,UNI-ROYAL(Uniroyal Elec),C22790,C22790,FIT,False,match,Nominal value/package and connected role reviewed; see block-coverage.csv and root DESIGN_REVIEW.md for operating limits.,-55℃~+155℃ 100mW 12kΩ 75V Thick Film Resistor ±1% ±100ppm/℃ 0603 Chip Resistor - Surface Mount ROHS
R12,1M,0603WAF1004T5E,UNI-ROYAL(Uniroyal Elec),C22935,C22935,FIT,False,match,Nominal value/package and connected role reviewed; see block-coverage.csv and root DESIGN_REVIEW.md for operating limits.,-55℃~+155℃ 100mW 1MΩ 75V Thick Film Resistor ±1% ±100ppm/℃ 0603 Chip Resistor - Surface Mount ROHS
R13,10k,0603WAF1002T5E,UNI-ROYAL(Uniroyal Elec),C25804,C25804,FIT,False,match,Nominal value/package and connected role reviewed; see block-coverage.csv and root DESIGN_REVIEW.md for operating limits.,-55℃~+155℃ 100mW 10kΩ 75V Thick Film Resistor ±1% ±100ppm/℃ 0603 Chip Resistor - Surface Mount ROHS
R14,3,RCA033RFLF,HKR(Hong Kong Resistors),C22356394,C22356394,FIT,False,match,3 ohm / 0.1W sense resistor; verify pulse/RMS heating. Full-rated continuous RMS is 183mA; not peak-current limit.,-55℃~+155℃ 100mW 3Ω 75V Thick Film Resistor ±1% ±200ppm/℃ 0603 Chip Resistor - Surface Mount ROHS
R15,10k,0603WAF1002T5E,UNI-ROYAL(Uniroyal Elec),C25804,C25804,FIT,False,match,Nominal value/package and connected role reviewed; see block-coverage.csv and root DESIGN_REVIEW.md for operating limits.,-55℃~+155℃ 100mW 10kΩ 75V Thick Film Resistor ±1% ±100ppm/℃ 0603 Chip Resistor - Surface Mount ROHS
R16,1k,0603WAF1001T5E,UNI-ROYAL(Uniroyal Elec),C21190,C21190,FIT,False,match,Nominal value/package and connected role reviewed; see block-coverage.csv and root DESIGN_REVIEW.md for operating limits.,-55℃~+155℃ 100mW 1kΩ 75V Thick Film Resistor ±1% ±100ppm/℃ 0603 Chip Resistor - Surface Mount ROHS
R17,150k,0603WAF1503T5E,UNI-ROYAL(Uniroyal Elec),C22807,C22807,FIT,False,match,Nominal value/package and connected role reviewed; see block-coverage.csv and root DESIGN_REVIEW.md for operating limits.,-55℃~+155℃ 100mW 150kΩ 75V Thick Film Resistor ±1% ±100ppm/℃ 0603 Chip Resistor - Surface Mount ROHS
R18,5.6k,0603WAF5601T5E,UNI-ROYAL(Uniroyal Elec),C23189,C23189,FIT,False,match,Nominal value/package and connected role reviewed; see block-coverage.csv and root DESIGN_REVIEW.md for operating limits.,-55℃~+155℃ 100mW 5.6kΩ 75V Thick Film Resistor ±1% ±100ppm/℃ 0603 Chip Resistor - Surface Mount ROHS
R19,20k,0603WAF2002T5E,UNI-ROYAL(Uniroyal Elec),C4184,C4184,FIT,False,match,Nominal value/package and connected role reviewed; see block-coverage.csv and root DESIGN_REVIEW.md for operating limits.,-55℃~+155℃ 100mW 20kΩ 75V Thick Film Resistor ±1% ±100ppm/℃ 0603 Chip Resistor - Surface Mount ROHS
R20,56k,0603WAF5602T5E,UNI-ROYAL(Uniroyal Elec),C23206,C23206,FIT,False,match,Nominal value/package and connected role reviewed; see block-coverage.csv and root DESIGN_REVIEW.md for operating limits.,-55℃~+155℃ 100mW 56kΩ 75V Thick Film Resistor ±1% ±100ppm/℃ 0603 Chip Resistor - Surface Mount ROHS
R21,33,0603WAF330JT5E,UNI-ROYAL(Uniroyal Elec),C23140,C23140,FIT,False,match,Nominal value/package and connected role reviewed; see block-coverage.csv and root DESIGN_REVIEW.md for operating limits.,-55℃~+155℃ 100mW 33Ω 75V Thick Film Resistor ±1% ±100ppm/℃ 0603 Chip Resistor - Surface Mount ROHS
R22,33,0603WAF330JT5E,UNI-ROYAL(Uniroyal Elec),C23140,C23140,FIT,False,match,Nominal value/package and connected role reviewed; see block-coverage.csv and root DESIGN_REVIEW.md for operating limits.,-55℃~+155℃ 100mW 33Ω 75V Thick Film Resistor ±1% ±100ppm/℃ 0603 Chip Resistor - Surface Mount ROHS
R23,33,0603WAF330JT5E,UNI-ROYAL(Uniroyal Elec),C23140,C23140,FIT,False,match,Nominal value/package and connected role reviewed; see block-coverage.csv and root DESIGN_REVIEW.md for operating limits.,-55℃~+155℃ 100mW 33Ω 75V Thick Film Resistor ±1% ±100ppm/℃ 0603 Chip Resistor - Surface Mount ROHS
R24,33,0603WAF330JT5E,UNI-ROYAL(Uniroyal Elec),C23140,C23140,FIT,False,match,Nominal value/package and connected role reviewed; see block-coverage.csv and root DESIGN_REVIEW.md for operating limits.,-55℃~+155℃ 100mW 33Ω 75V Thick Film Resistor ±1% ±100ppm/℃ 0603 Chip Resistor - Surface Mount ROHS
R25,33,0603WAF330JT5E,UNI-ROYAL(Uniroyal Elec),C23140,C23140,FIT,False,match,Nominal value/package and connected role reviewed; see block-coverage.csv and root DESIGN_REVIEW.md for operating limits.,-55℃~+155℃ 100mW 33Ω 75V Thick Film Resistor ±1% ±100ppm/℃ 0603 Chip Resistor - Surface Mount ROHS
R26,33,0603WAF330JT5E,UNI-ROYAL(Uniroyal Elec),C23140,C23140,FIT,False,match,Nominal value/package and connected role reviewed; see block-coverage.csv and root DESIGN_REVIEW.md for operating limits.,-55℃~+155℃ 100mW 33Ω 75V Thick Film Resistor ±1% ±100ppm/℃ 0603 Chip Resistor - Surface Mount ROHS
R27,0,0603WAF0000T5E,UNI-ROYAL(Uniroyal Elec),C21189,C21189,FIT,False,match,Zero-ohm battery path: check jumper current rating and voltage drop in first-article load test.,-55℃~+155℃ 0Ω 100mW 75V Thick Film Resistor ±1% 0603 Chip Resistor - Surface Mount ROHS
R28,10k,0603WAF1002T5E,UNI-ROYAL(Uniroyal Elec),C25804,C25804,FIT,False,match,Nominal value/package and connected role reviewed; see block-coverage.csv and root DESIGN_REVIEW.md for operating limits.,-55℃~+155℃ 100mW 10kΩ 75V Thick Film Resistor ±1% ±100ppm/℃ 0603 Chip Resistor - Surface Mount ROHS
R29,33,0603WAF330JT5E,UNI-ROYAL(Uniroyal Elec),C23140,C23140,FIT,False,match,Nominal value/package and connected role reviewed; see block-coverage.csv and root DESIGN_REVIEW.md for operating limits.,-55℃~+155℃ 100mW 33Ω 75V Thick Film Resistor ±1% ±100ppm/℃ 0603 Chip Resistor - Surface Mount ROHS
R30,33,0603WAF330JT5E,UNI-ROYAL(Uniroyal Elec),C23140,C23140,FIT,False,match,Nominal value/package and connected role reviewed; see block-coverage.csv and root DESIGN_REVIEW.md for operating limits.,-55℃~+155℃ 100mW 33Ω 75V Thick Film Resistor ±1% ±100ppm/℃ 0603 Chip Resistor - Surface Mount ROHS
R31,33,0603WAF330JT5E,UNI-ROYAL(Uniroyal Elec),C23140,C23140,FIT,False,match,Nominal value/package and connected role reviewed; see block-coverage.csv and root DESIGN_REVIEW.md for operating limits.,-55℃~+155℃ 100mW 33Ω 75V Thick Film Resistor ±1% ±100ppm/℃ 0603 Chip Resistor - Surface Mount ROHS
R32,33,0603WAF330JT5E,UNI-ROYAL(Uniroyal Elec),C23140,C23140,FIT,False,match,Nominal value/package and connected role reviewed; see block-coverage.csv and root DESIGN_REVIEW.md for operating limits.,-55℃~+155℃ 100mW 33Ω 75V Thick Film Resistor ±1% ±100ppm/℃ 0603 Chip Resistor - Surface Mount ROHS
R33,33,0603WAF330JT5E,UNI-ROYAL(Uniroyal Elec),C23140,C23140,FIT,False,match,Nominal value/package and connected role reviewed; see block-coverage.csv and root DESIGN_REVIEW.md for operating limits.,-55℃~+155℃ 100mW 33Ω 75V Thick Film Resistor ±1% ±100ppm/℃ 0603 Chip Resistor - Surface Mount ROHS
R34,33,0603WAF330JT5E,UNI-ROYAL(Uniroyal Elec),C23140,C23140,FIT,False,match,Nominal value/package and connected role reviewed; see block-coverage.csv and root DESIGN_REVIEW.md for operating limits.,-55℃~+155℃ 100mW 33Ω 75V Thick Film Resistor ±1% ±100ppm/℃ 0603 Chip Resistor - Surface Mount ROHS
R35,33k,0603WAF3302T5E,UNI-ROYAL(Uniroyal Elec),C4216,C4216,FIT,False,match,Nominal value/package and connected role reviewed; see block-coverage.csv and root DESIGN_REVIEW.md for operating limits.,-55℃~+155℃ 100mW 33kΩ 75V Thick Film Resistor ±1% ±100ppm/℃ 0603 Chip Resistor - Surface Mount ROHS
R36,68k,0603WAF6802T5E,UNI-ROYAL(Uniroyal Elec),C23231,C23231,FIT,False,match,Nominal value/package and connected role reviewed; see block-coverage.csv and root DESIGN_REVIEW.md for operating limits.,-55℃~+155℃ 100mW 68kΩ 75V Thick Film Resistor ±1% ±100ppm/℃ 0603 Chip Resistor - Surface Mount ROHS
R37,13.3,ERJ3EKF13R3V,PANASONIC,C402979,C402979,FIT,False,match,"Existing 13.3 ohm 1%: 14.52..15.65mA at full scale. Recommend common 15 ohm 1% 0603 (C22810): 13.33mA nominal, 13.87mA upper from VFB/R tolerances; not yet substituted. 15 ohm 5% also stays below 15mA before drift/transients.",-55℃~+155℃ 100mW 13.3Ω Thick Film Resistor ±1% ±100ppm/℃ 0603 Chip Resistor - Surface Mount ROHS
R38,300k,0603WAF3003T5E,UNI-ROYAL(Uniroyal Elec),C23024,C23024,FIT,False,match,Nominal value/package and connected role reviewed; see block-coverage.csv and root DESIGN_REVIEW.md for operating limits.,-55℃~+155℃ 100mW 300kΩ 75V Thick Film Resistor ±1% ±100ppm/℃ 0603 Chip Resistor - Surface Mount ROHS
R39,1M,0603WAF1004T5E,UNI-ROYAL(Uniroyal Elec),C22935,C22935,FIT,False,match,Nominal value/package and connected role reviewed; see block-coverage.csv and root DESIGN_REVIEW.md for operating limits.,-55℃~+155℃ 100mW 1MΩ 75V Thick Film Resistor ±1% ±100ppm/℃ 0603 Chip Resistor - Surface Mount ROHS
R40,100k,0603WAF1003T5E,UNI-ROYAL(Uniroyal Elec),C25803,C25803,FIT,False,match,Nominal value/package and connected role reviewed; see block-coverage.csv and root DESIGN_REVIEW.md for operating limits.,-55℃~+155℃ 100kΩ 100mW 75V Thick Film Resistor ±1% ±100ppm/℃ 0603 Chip Resistor - Surface Mount ROHS
R41,120k,0603WAF1203T5E,UNI-ROYAL(Uniroyal Elec),C25808,C25808,FIT,False,match,Nominal value/package and connected role reviewed; see block-coverage.csv and root DESIGN_REVIEW.md for operating limits.,-55℃~+155℃ 100mW 120kΩ 75V Thick Film Resistor ±1% ±100ppm/℃ 0603 Chip Resistor - Surface Mount ROHS
R42,0,0603WAF0000T5E,UNI-ROYAL(Uniroyal Elec),C21189,C21189,FIT,False,match,Nominal value/package and connected role reviewed; see block-coverage.csv and root DESIGN_REVIEW.md for operating limits.,-55℃~+155℃ 0Ω 100mW 75V Thick Film Resistor ±1% 0603 Chip Resistor - Surface Mount ROHS
R43,0,,,,,DNP,True,not applicable,Expected order exclusion,
R44,0,0603WAF0000T5E,UNI-ROYAL(Uniroyal Elec),C21189,C21189,FIT,False,match,Nominal value/package and connected role reviewed; see block-coverage.csv and root DESIGN_REVIEW.md for operating limits.,-55℃~+155℃ 0Ω 100mW 75V Thick Film Resistor ±1% 0603 Chip Resistor - Surface Mount ROHS
R45,0,,,,,DNP,True,not applicable,Expected order exclusion,
R46,0,0603WAF0000T5E,UNI-ROYAL(Uniroyal Elec),C21189,C21189,FIT,False,match,Nominal value/package and connected role reviewed; see block-coverage.csv and root DESIGN_REVIEW.md for operating limits.,-55℃~+155℃ 0Ω 100mW 75V Thick Film Resistor ±1% 0603 Chip Resistor - Surface Mount ROHS
R47,2.2k,0603WAF2201T5E,UNI-ROYAL(Uniroyal Elec),C4190,C4190,FIT,False,match,Nominal value/package and connected role reviewed; see block-coverage.csv and root DESIGN_REVIEW.md for operating limits.,-55℃~+155℃ 100mW 2.2kΩ 75V Thick Film Resistor ±1% ±100ppm/℃ 0603 Chip Resistor - Surface Mount ROHS
R48,2.2k,0603WAF2201T5E,UNI-ROYAL(Uniroyal Elec),C4190,C4190,FIT,False,match,Nominal value/package and connected role reviewed; see block-coverage.csv and root DESIGN_REVIEW.md for operating limits.,-55℃~+155℃ 100mW 2.2kΩ 75V Thick Film Resistor ±1% ±100ppm/℃ 0603 Chip Resistor - Surface Mount ROHS
R49,1M,0603WAF1004T5E,UNI-ROYAL(Uniroyal Elec),C22935,C22935,FIT,False,match,Nominal value/package and connected role reviewed; see block-coverage.csv and root DESIGN_REVIEW.md for operating limits.,-55℃~+155℃ 100mW 1MΩ 75V Thick Film Resistor ±1% ±100ppm/℃ 0603 Chip Resistor - Surface Mount ROHS
R50,1M,0603WAF1004T5E,UNI-ROYAL(Uniroyal Elec),C22935,C22935,FIT,False,match,Nominal value/package and connected role reviewed; see block-coverage.csv and root DESIGN_REVIEW.md for operating limits.,-55℃~+155℃ 100mW 1MΩ 75V Thick Film Resistor ±1% ±100ppm/℃ 0603 Chip Resistor - Surface Mount ROHS
R51,100k,0603WAF1003T5E,UNI-ROYAL(Uniroyal Elec),C25803,C25803,FIT,False,match,Nominal value/package and connected role reviewed; see block-coverage.csv and root DESIGN_REVIEW.md for operating limits.,-55℃~+155℃ 100kΩ 100mW 75V Thick Film Resistor ±1% ±100ppm/℃ 0603 Chip Resistor - Surface Mount ROHS
R52,0,0603WAF0000T5E,UNI-ROYAL(Uniroyal Elec),C21189,C21189,FIT,False,match,Nominal value/package and connected role reviewed; see block-coverage.csv and root DESIGN_REVIEW.md for operating limits.,-55℃~+155℃ 0Ω 100mW 75V Thick Film Resistor ±1% 0603 Chip Resistor - Surface Mount ROHS
R53,10k,0603WAF1002T5E,UNI-ROYAL(Uniroyal Elec),C25804,C25804,FIT,False,match,Nominal value/package and connected role reviewed; see block-coverage.csv and root DESIGN_REVIEW.md for operating limits.,-55℃~+155℃ 100mW 10kΩ 75V Thick Film Resistor ±1% ±100ppm/℃ 0603 Chip Resistor - Surface Mount ROHS
R54,10k,0603WAF1002T5E,UNI-ROYAL(Uniroyal Elec),C25804,C25804,FIT,False,match,Nominal value/package and connected role reviewed; see block-coverage.csv and root DESIGN_REVIEW.md for operating limits.,-55℃~+155℃ 100mW 10kΩ 75V Thick Film Resistor ±1% ±100ppm/℃ 0603 Chip Resistor - Surface Mount ROHS
R55,10k,0603WAF1002T5E,UNI-ROYAL(Uniroyal Elec),C25804,C25804,FIT,False,match,Nominal value/package and connected role reviewed; see block-coverage.csv and root DESIGN_REVIEW.md for operating limits.,-55℃~+155℃ 100mW 10kΩ 75V Thick Film Resistor ±1% ±100ppm/℃ 0603 Chip Resistor - Surface Mount ROHS
R56,10k,0603WAF1002T5E,UNI-ROYAL(Uniroyal Elec),C25804,C25804,FIT,False,match,Nominal value/package and connected role reviewed; see block-coverage.csv and root DESIGN_REVIEW.md for operating limits.,-55℃~+155℃ 100mW 10kΩ 75V Thick Film Resistor ±1% ±100ppm/℃ 0603 Chip Resistor - Surface Mount ROHS
R57,1M,0603WAF1004T5E,UNI-ROYAL(Uniroyal Elec),C22935,C22935,FIT,False,match,Nominal value/package and connected role reviewed; see block-coverage.csv and root DESIGN_REVIEW.md for operating limits.,-55℃~+155℃ 100mW 1MΩ 75V Thick Film Resistor ±1% ±100ppm/℃ 0603 Chip Resistor - Surface Mount ROHS
R58,0,,,,,DNP,True,not applicable,Expected order exclusion,
R59,2k,0603WAF2001T5E,UNI-ROYAL(Uniroyal Elec),C22975,C22975,FIT,False,match,Nominal value/package and connected role reviewed; see block-coverage.csv and root DESIGN_REVIEW.md for operating limits.,-55℃~+155℃ 100mW 2kΩ 75V Thick Film Resistor ±1% ±100ppm/℃ 0603 Chip Resistor - Surface Mount ROHS
R60,100,0603WAF1000T5E,UNI-ROYAL(Uniroyal Elec),C22775,C22775,FIT,False,match,Nominal value/package and connected role reviewed; see block-coverage.csv and root DESIGN_REVIEW.md for operating limits.,-55℃~+155℃ 100mW 100Ω 75V Thick Film Resistor ±1% ±100ppm/℃ 0603 Chip Resistor - Surface Mount ROHS
R61,100,0603WAF1000T5E,UNI-ROYAL(Uniroyal Elec),C22775,C22775,FIT,False,match,Nominal value/package and connected role reviewed; see block-coverage.csv and root DESIGN_REVIEW.md for operating limits.,-55℃~+155℃ 100mW 100Ω 75V Thick Film Resistor ±1% ±100ppm/℃ 0603 Chip Resistor - Surface Mount ROHS
R62,10k,0603WAF1002T5E,UNI-ROYAL(Uniroyal Elec),C25804,C25804,FIT,False,match,Nominal value/package and connected role reviewed; see block-coverage.csv and root DESIGN_REVIEW.md for operating limits.,-55℃~+155℃ 100mW 10kΩ 75V Thick Film Resistor ±1% ±100ppm/℃ 0603 Chip Resistor - Surface Mount ROHS
R63,100,0603WAF1000T5E,UNI-ROYAL(Uniroyal Elec),C22775,C22775,FIT,False,match,Nominal value/package and connected role reviewed; see block-coverage.csv and root DESIGN_REVIEW.md for operating limits.,-55℃~+155℃ 100mW 100Ω 75V Thick Film Resistor ±1% ±100ppm/℃ 0603 Chip Resistor - Surface Mount ROHS
R64,100,0603WAF1000T5E,UNI-ROYAL(Uniroyal Elec),C22775,C22775,FIT,False,match,Nominal value/package and connected role reviewed; see block-coverage.csv and root DESIGN_REVIEW.md for operating limits.,-55℃~+155℃ 100mW 100Ω 75V Thick Film Resistor ±1% ±100ppm/℃ 0603 Chip Resistor - Surface Mount ROHS
R65,33,0603WAF330JT5E,UNI-ROYAL(Uniroyal Elec),C23140,C23140,FIT,False,match,Nominal value/package and connected role reviewed; see block-coverage.csv and root DESIGN_REVIEW.md for operating limits.,-55℃~+155℃ 100mW 33Ω 75V Thick Film Resistor ±1% ±100ppm/℃ 0603 Chip Resistor - Surface Mount ROHS
R66,0,,,,,DNP,True,not applicable,Expected order exclusion,
R67,56k,0603WAF5602T5E,UNI-ROYAL(Uniroyal Elec),C23206,C23206,FIT,False,match,Nominal value/package and connected role reviewed; see block-coverage.csv and root DESIGN_REVIEW.md for operating limits.,-55℃~+155℃ 100mW 56kΩ 75V Thick Film Resistor ±1% ±100ppm/℃ 0603 Chip Resistor - Surface Mount ROHS
R68,33,0603WAF330JT5E,UNI-ROYAL(Uniroyal Elec),C23140,C23140,FIT,False,match,Nominal value/package and connected role reviewed; see block-coverage.csv and root DESIGN_REVIEW.md for operating limits.,-55℃~+155℃ 100mW 33Ω 75V Thick Film Resistor ±1% ±100ppm/℃ 0603 Chip Resistor - Surface Mount ROHS
R69,33,0603WAF330JT5E,UNI-ROYAL(Uniroyal Elec),C23140,C23140,FIT,False,match,Nominal value/package and connected role reviewed; see block-coverage.csv and root DESIGN_REVIEW.md for operating limits.,-55℃~+155℃ 100mW 33Ω 75V Thick Film Resistor ±1% ±100ppm/℃ 0603 Chip Resistor - Surface Mount ROHS
R70,100k,0603WAF1003T5E,UNI-ROYAL(Uniroyal Elec),C25803,C25803,FIT,False,match,Nominal value/package and connected role reviewed; see block-coverage.csv and root DESIGN_REVIEW.md for operating limits.,-55℃~+155℃ 100kΩ 100mW 75V Thick Film Resistor ±1% ±100ppm/℃ 0603 Chip Resistor - Surface Mount ROHS
R71,22k,0603WAF2202T5E,UNI-ROYAL(Uniroyal Elec),C31850,C31850,FIT,False,match,Nominal value/package and connected role reviewed; see block-coverage.csv and root DESIGN_REVIEW.md for operating limits.,-55℃~+155℃ 100mW 22kΩ 75V Thick Film Resistor ±1% ±100ppm/℃ 0603 Chip Resistor - Surface Mount ROHS
R72,10k,,,,,DNP,True,not applicable,Expected order exclusion,
R73,0,0603WAF0000T5E,UNI-ROYAL(Uniroyal Elec),C21189,C21189,FIT,False,match,Nominal value/package and connected role reviewed; see block-coverage.csv and root DESIGN_REVIEW.md for operating limits.,-55℃~+155℃ 0Ω 100mW 75V Thick Film Resistor ±1% 0603 Chip Resistor - Surface Mount ROHS
R74,0,,,,,DNP,True,not applicable,Expected order exclusion,
R75,100k,0603WAF1003T5E,UNI-ROYAL(Uniroyal Elec),C25803,C25803,FIT,False,match,Nominal value/package and connected role reviewed; see block-coverage.csv and root DESIGN_REVIEW.md for operating limits.,-55℃~+155℃ 100kΩ 100mW 75V Thick Film Resistor ±1% ±100ppm/℃ 0603 Chip Resistor - Surface Mount ROHS
R76,100k,0603WAF1003T5E,UNI-ROYAL(Uniroyal Elec),C25803,C25803,FIT,False,match,Nominal value/package and connected role reviewed; see block-coverage.csv and root DESIGN_REVIEW.md for operating limits.,-55℃~+155℃ 100kΩ 100mW 75V Thick Film Resistor ±1% ±100ppm/℃ 0603 Chip Resistor - Surface Mount ROHS
R77,100k,0603WAF1003T5E,UNI-ROYAL(Uniroyal Elec),C25803,C25803,FIT,False,match,Nominal value/package and connected role reviewed; see block-coverage.csv and root DESIGN_REVIEW.md for operating limits.,-55℃~+155℃ 100kΩ 100mW 75V Thick Film Resistor ±1% ±100ppm/℃ 0603 Chip Resistor - Surface Mount ROHS
R78,1k,0603WAF1001T5E,UNI-ROYAL(Uniroyal Elec),C21190,C21190,FIT,False,match,Nominal value/package and connected role reviewed; see block-coverage.csv and root DESIGN_REVIEW.md for operating limits.,-55℃~+155℃ 100mW 1kΩ 75V Thick Film Resistor ±1% ±100ppm/℃ 0603 Chip Resistor - Surface Mount ROHS
SW1,SW_Push,TS365ZJ,SHOU HAN,C557598,C557598,FIT,False,not applicable,TS365ZJ: 5mm signal pitch and 7mm bracket pitch match board holes; housing/actuator enclosure fit is separate.,"-20℃~+70℃ 12V 2.5N 3.6mm 50,000 cycles 50mA 5mm 7.3mm No Rectangular Button Right Angle SMD(SMT) Tab SPST White With Bracket Plugin Tactile Switches ROHS"
SW2,SW_Push,TS365ZJ,SHOU HAN,C557598,C557598,FIT,False,not applicable,TS365ZJ: 5mm signal pitch and 7mm bracket pitch match board holes; housing/actuator enclosure fit is separate.,"-20℃~+70℃ 12V 2.5N 3.6mm 50,000 cycles 50mA 5mm 7.3mm No Rectangular Button Right Angle SMD(SMT) Tab SPST White With Bracket Plugin Tactile Switches ROHS"
SW3,SW_Push,TS365ZJ,SHOU HAN,C557598,C557598,FIT,False,not applicable,TS365ZJ: 5mm signal pitch and 7mm bracket pitch match board holes; housing/actuator enclosure fit is separate.,"-20℃~+70℃ 12V 2.5N 3.6mm 50,000 cycles 50mA 5mm 7.3mm No Rectangular Button Right Angle SMD(SMT) Tab SPST White With Bracket Plugin Tactile Switches ROHS"
SW4,SW_Push,TS365ZJ,SHOU HAN,C557598,C557598,FIT,False,not applicable,TS365ZJ: 5mm signal pitch and 7mm bracket pitch match board holes; housing/actuator enclosure fit is separate.,"-20℃~+70℃ 12V 2.5N 3.6mm 50,000 cycles 50mA 5mm 7.3mm No Rectangular Button Right Angle SMD(SMT) Tab SPST White With Bracket Plugin Tactile Switches ROHS"
SW5,SW_Push,TS365ZJ,SHOU HAN,C557598,C557598,FIT,False,not applicable,TS365ZJ: 5mm signal pitch and 7mm bracket pitch match board holes; housing/actuator enclosure fit is separate.,"-20℃~+70℃ 12V 2.5N 3.6mm 50,000 cycles 50mA 5mm 7.3mm No Rectangular Button Right Angle SMD(SMT) Tab SPST White With Bracket Plugin Tactile Switches ROHS"
SW6,SW_Push,No Part Selected,,,,DNP,False,not applicable,Explicitly unselected in order. Set source DNP flag for reproducibility; bare pads remain useful.,
SW7,SW_Push,TS365ZJ,SHOU HAN,C557598,C557598,FIT,False,not applicable,TS365ZJ: 5mm signal pitch and 7mm bracket pitch match board holes; housing/actuator enclosure fit is separate.,"-20℃~+70℃ 12V 2.5N 3.6mm 50,000 cycles 50mA 5mm 7.3mm No Rectangular Button Right Angle SMD(SMT) Tab SPST White With Bracket Plugin Tactile Switches ROHS"
SW8,SW_Push,TS365ZJ,SHOU HAN,C557598,C557598,FIT,False,not applicable,TS365ZJ: 5mm signal pitch and 7mm bracket pitch match board holes; housing/actuator enclosure fit is separate.,"-20℃~+70℃ 12V 2.5N 3.6mm 50,000 cycles 50mA 5mm 7.3mm No Rectangular Button Right Angle SMD(SMT) Tab SPST White With Bracket Plugin Tactile Switches ROHS"
SW9,SW_Push,TS365ZJ,SHOU HAN,C557598,C557598,FIT,False,not applicable,TS365ZJ: 5mm signal pitch and 7mm bracket pitch match board holes; housing/actuator enclosure fit is separate.,"-20℃~+70℃ 12V 2.5N 3.6mm 50,000 cycles 50mA 5mm 7.3mm No Rectangular Button Right Angle SMD(SMT) Tab SPST White With Bracket Plugin Tactile Switches ROHS"
SW10,SW_Push,TS365ZJ,SHOU HAN,C557598,C557598,FIT,False,not applicable,TS365ZJ: 5mm signal pitch and 7mm bracket pitch match board holes; housing/actuator enclosure fit is separate.,"-20℃~+70℃ 12V 2.5N 3.6mm 50,000 cycles 50mA 5mm 7.3mm No Rectangular Button Right Angle SMD(SMT) Tab SPST White With Bracket Plugin Tactile Switches ROHS"
SW11,SW_Push,TS365ZJ,SHOU HAN,C557598,C557598,FIT,False,not applicable,TS365ZJ: 5mm signal pitch and 7mm bracket pitch match board holes; housing/actuator enclosure fit is separate.,"-20℃~+70℃ 12V 2.5N 3.6mm 50,000 cycles 50mA 5mm 7.3mm No Rectangular Button Right Angle SMD(SMT) Tab SPST White With Bracket Plugin Tactile Switches ROHS"
TP1,TestPoint,,,,,MECHANICAL/BARE PAD,False,not applicable,Expected order exclusion,
TP2,TestPoint,,,,,MECHANICAL/BARE PAD,False,not applicable,Expected order exclusion,
TP3,TestPoint,,,,,MECHANICAL/BARE PAD,True,not applicable,Expected order exclusion,
TP4,TestPoint,,,,,MECHANICAL/BARE PAD,True,not applicable,Expected order exclusion,
TP5,TestPoint,,,,,MECHANICAL/BARE PAD,True,not applicable,Expected order exclusion,
U1,TPD4E1U06DBVR,TPD4E1U06DBVR,TECH PUBLIC,C19829453,C19829453,FIT,False,not applicable,"Exact TECH PUBLIC TPD4E1U06DBVR sheet verified: independent signal pins 1/3/4/6, GND2, NC5; assignments compatible. Pin compatibility is not identical TI performance or system ESD certification.",-55℃~+125℃ 0.55pF 10nA 14V 5.5V 50W@8/20us 8.5V IEC 61000-4-2、IEC 61000-4-5、IEC 61000-4-4 TVS Unidirectional SOT-23-6 ESD and Surge Protection (TVS/ESD) ROHS
U2,TPS2116DRL,TPS2116DRLR,Texas Instruments,C3235557,C3235557,FIT,False,not applicable,"TPS2116: VIN1=MODE=USB_VBUS, VIN2=P+, PR1=300k/100k divider; 4V nominal threshold, 3.625..4.385V including reference/resistor tolerance. Measure hot-plug and source transitions.",Operating status indication SOT-583 Power Management - Specialized ROHS
U3,TLV75533PDBV,TLV75533PDBVR,Texas Instruments,C404027,C404027,FIT,False,not applicable,500mA SOT-23-5 LDO; require load/thermal measurement at 5V USB with WiFi+SD+display.,"-40℃~+125℃@(Tj) 1 238mV@(500mA) 25uA 3.3V 46dB@(100kHz) 5.5V 500mA 71.5uVrms Fixed Over Current Protection、Thermal Shutdown、Input undervoltage protection Positive SOT-23-5 Voltage Regulators - Linear, Low Drop Out (LDO) Regulators ROHS"
U4,ESP32-S3-WROOM-1,ESP32-S3-WROOM-1-N16R8,Espressif Systems,C2913202,C2913202,FIT,False,not applicable,N16R8 order: leave GPIO35/36/37 unused (source does). Boot strap GPIO3/45/46 exposed on header.,"-103.5dBm -40℃~+65℃ 2.4GHz 20.5dBm 355mA 3V~3.6V 95mA ESP32-S3R8 On-board PCB Antenna UART、SPI、I2C、GPIO、I2S、USB SMD,25.5x18mm WiFi Modules ROHS"
U5,DW01A,DW01A,PUOLOP,C351410,C351410,FIT,False,not applicable,"USB-present reverse-battery concern: supply can be forced negative through Q8-on/Q3-body-diode path. VCC=P+, GND=B-. No reference series VCC filter; sensing includes PMOS drops. See DESIGN_REVIEW.md section 4.",-40℃~+85℃ 1 2.5V 300mV~10V 3uA 4.3V Protection IC Support SOT-23-6L Battery Management ROHS
U6,TPD4E1U06DBVR,TPD4E1U06DBVR,TECH PUBLIC,C19829453,C19829453,FIT,False,not applicable,"Exact TECH PUBLIC TPD4E1U06DBVR sheet verified: independent signal pins 1/3/4/6, GND2, NC5; assignments compatible. Pin compatibility is not identical TI performance or system ESD certification.",-55℃~+125℃ 0.55pF 10nA 14V 5.5V 50W@8/20us 8.5V IEC 61000-4-2、IEC 61000-4-5、IEC 61000-4-4 TVS Unidirectional SOT-23-6 ESD and Surge Protection (TVS/ESD) ROHS
U7,TPD4E1U06DBVR,TPD4E1U06DBVR,TECH PUBLIC,C19829453,C19829453,FIT,False,not applicable,"Exact TECH PUBLIC TPD4E1U06DBVR sheet verified: independent signal pins 1/3/4/6, GND2, NC5; assignments compatible. Pin compatibility is not identical TI performance or system ESD certification.",-55℃~+125℃ 0.55pF 10nA 14V 5.5V 50W@8/20us 8.5V IEC 61000-4-2、IEC 61000-4-5、IEC 61000-4-4 TVS Unidirectional SOT-23-6 ESD and Surge Protection (TVS/ESD) ROHS
U8,TPD4E1U06DBVR,TPD4E1U06DBVR,TECH PUBLIC,C19829453,C19829453,FIT,False,not applicable,"Exact TECH PUBLIC TPD4E1U06DBVR sheet verified: independent signal pins 1/3/4/6, GND2, NC5; assignments compatible. Pin compatibility is not identical TI performance or system ESD certification.",-55℃~+125℃ 0.55pF 10nA 14V 5.5V 50W@8/20us 8.5V IEC 61000-4-2、IEC 61000-4-5、IEC 61000-4-4 TVS Unidirectional SOT-23-6 ESD and Surge Protection (TVS/ESD) ROHS
U9,TPD4E1U06DBVR,TPD4E1U06DBVR,TECH PUBLIC,C19829453,C19829453,FIT,False,not applicable,"Exact TECH PUBLIC TPD4E1U06DBVR sheet verified: independent signal pins 1/3/4/6, GND2, NC5; assignments compatible. Pin compatibility is not identical TI performance or system ESD certification.",-55℃~+125℃ 0.55pF 10nA 14V 5.5V 50W@8/20us 8.5V IEC 61000-4-2、IEC 61000-4-5、IEC 61000-4-4 TVS Unidirectional SOT-23-6 ESD and Surge Protection (TVS/ESD) ROHS
U10,TPS923610DRLR,TPS923610DRLR,Texas Instruments,C52919131,C52919131,FIT,False,not applicable,"TPS923610 ADIM first high >40us, then recommended 10..200kHz dimming; low >2.5ms shutdown/latch reset. Shutdown retains input/output diode path. Qualify color-change stored-energy pulses; 25V typical OVP.",SOT-563-6 LED Drivers ROHS
U11,TP4056-42-ESOP8,TP4056-42-ESOP8,TOPPOWER(Nanjing Extension Microelectronics),C16581,C16581,FIT,False,not applicable,R6=4.7k: ordered sheet formula gives 234mA; its low-current example table differs. About 0.25A intended; measure actual. TEMP grounded.,-40℃~+85℃ 1 1A 2uA 4.2V 4V~8V Charging IC Lithium Battery Support ESOP-8 Battery Management ROHS
U12,74LVC1G04,74LVC1G04GV,MDD(Microdiode Semiconductor),C53185133,C53185133,FIT,False,not applicable,"Exact MDD drawing verified: NC1 A2 GND3 Y4 VCC5, compatible at 3.3V. Static complementary logic does not guarantee nonoverlap during Q5/Q6 switching.","-40℃~+125℃ 1 1.2V、1.9V、2.2V、2.3V、3.8V 1.65V~5.5V 1.7V、2V 100mV、300mV、400mV、450mV、550mV、600mV、700mV、800mV 24mA 24mA 2ns@5.5V,50pF 4uA 700mV、800mV 74LVC Schmitt trigger SOT-23-5 Inverters ROHS"
U13,DS3231MZ,No Part Selected,,,,DNP,False,not applicable,Explicitly unselected in order. Set source DNP flag for reproducibility; bare pads remain useful.,
